tweet,categoria
"@Debate_Abierto @AlvaroAlvaradoC tenemos que habla m√°s de calidad educativa: aprendizaje, capacitaci√≥n docente, evaluaci√≥n, pedagog√≠a, etc.",docentes
¬øEres educador de escuela p√∫blica o privada? Te invitamos al taller EduReciclaje.  Convertiremos desechos de tu hogar en herramientas educativas para tu sal√≥n. Llena el formulario  https://t.co/nrufz4qbFl ¬°Es gratis! https://t.co/c9cJZVcUkZ,docentes
@FundacionProEd @Meduca_Panama Gracias por ser voluntarios hoy en la 1¬∫ prueba del Concurso por la #ExcelenciaEducativaPma 2017 https://t.co/woGDMtwqZx,docentes
Inicia el Programa de Desarrollo Profesional para docentes ganadores del Concurso 2016 @NewTeacherCtr @FIU @tvnnoticias @TReporta @senacyt https://t.co/QCA4Rn9p0D,docentes
"La jornada tiene como uno de sus objetivos, revisar los avances en la Presentaci√≥n de Resultados de pruebas a estudiantes ""Pre_Test"" de los cuarto, quinto y sexto grado de las escuelas que participan del Programa Hagamos Ciencia. https://t.co/pxzB0oNNms",docentes
Recibimos un grupo de maestros de Panam√° Biling√ºe #USFElementaryScienceTeaching ¬°Gracias por visitarnos! https://t.co/8EFQhC3ca6,docentes
"RT @Debate_Abierto: ""Para que el docente mejore su pedagog√≠a, necesitamos de la influencia de universidades de altos est√°ndares"", Francisco‚Ä¶",docentes
"RT @Debate_Abierto: ‚ÄúResaltamos las pr√°cticas del docente en el aula, las metodolog√≠as que usan para que los estudiantes aprendan‚Äù. Gina Ga‚Ä¶",docentes
"RT @ecotvpanama: ""Necesitamos planes de perfeccionamiento docente que sean bastante m√°s intensos en manos de expertos de primer nivel"" Juli‚Ä¶",docentes
"RT @Eirasantamaria: Aprende al M√°ximo de @Meduca_Panama realiza hoy en Chiriqu√≠ la Feria Cient√≠fica nivel primario, con m√°s de 25 zonas de‚Ä¶",docentes
RT @senacyt: El @biomuseo participa en el Encuentro de Experiencias de Aula con el Taller Docentes: Agentes de Cambio https://t.co/iW9A2Lst‚Ä¶,docentes
RT @UdaykiMendoza: Para un mejor pa√≠s debemos innovar los m√©todos de ense√±anza @ExcelenciaPma #hablemosdeeducacionpma,docentes
RT @WPhillyMatt: Smithsonian en Panam√°: ¬°Gracias @DrBiden por su apoyo a maestros atraves de las Americas! ¬°Y pa'lante @VillanovaU ! https:‚Ä¶,docentes
"@tvnnoticias @frantrej05 formaci√≥n docente de calidad, evaluaci√≥n y mentoria a docentes y directores #CalidadEducaci√≥n",docentes
"RT @ApanacPanama: Estimados Socios"" Asamblea General de APANAC, este mi√©rcoles 17 de julio a las 7pm Sal√≥n Stagg del Club Uni√≥n. Se present‚Ä¶",otros
"Ministro Encargado Cosme Moreno, participa en el Acto de Clausura del Programa de Seguridad Alimentaria y Nutricional (SAN2019), en Quebrada de Piedra en Tol√© , Chiriqu√≠. https://t.co/4JwEkX4YeQ",otros
"Dr. Jaime S√°nchez del Hospital Santo Tom√°s en seminario de el CIDETE de Bocas del Toro, agradece a la UP por la utilizacion de los equipos de simulaci√≥n y las facilidades de este centro. https://t.co/Waj0kGmNDP",otros
"El Ing. Agr√≥nomo y productor de arroz, Acher Melamed comparti√≥ sus experiencias en el proceso del cultivo del arroz. https://t.co/Sq8t1Iezwq",otros
"RT @CulturaArtePTY: Calendario de Actividades. Hasta el Domingo 27 de Mayo, 2018. BioMuseo https://t.co/as1ZjjHfNn",otros
"RT @JC_Varela: Nuestras sinceras condolencias a los familiares y amigos del excampe√≥n mundial de boxeo Eusebio Pedroza, quien con disciplin‚Ä¶",otros
RT @ANTAI_Panama: Informe de Evaluaci√≥n de Monitoreo Febrero 2019 https://t.co/M1mAos05Na https://t.co/YEnq1XxOMW,otros
El Gobierno del Presidente @JC_Varela ejecuta una inversi√≥n de $146.89 millones en la construcci√≥n y rehabilitaci√≥n de 196.55 km de carreteras y caminos en la comarca Ng√§be Bugl√©. #Panam√°Cumplimos #ComarcaCumplimos https://t.co/7lHS0Vv9so,otros
"RT @RusiaGonzalez: La experiencia es completa... cargar el tanque de ox√≠geno, casco, lentes y manguera. @MRUPanama @UNIVERSIDAD_PMA https:/‚Ä¶",otros
#LEPCultura Advierten sobre una vulnerabilidad cr√≠tica en Firefox que est√° siendo explotada por atacantes https://t.co/snehmNfd0M https://t.co/LqtEBVjMhV,otros
RT @pmaenlinea: Conoce cu√°les son los tr√°mites del Departamento de Registro de Derecho de Autor @MICIPMA que puedes tramitar en l√≠nea su so‚Ä¶,otros
Unidades de la Polic√≠a Nacional pusieron a √≥rdenes del Ministerio P√∫blico a un ciudadano que fue captado en video agrediendo a una dama en Bocas del Toro. #TReporta @ProtegeryServir https://t.co/48YtqTyMZy,otros
"Con la puesta en marcha de la #NuevaTerminal2, el Aeropuerto Internacional de Tocumen aumentar√° a un total de 54 posiciones de contacto de aeronaves y 12 posiciones remotas entre ambas terminales. #Panam√°Cumplimos https://t.co/AUeg8sIG0o",otros
#LEPOpini√≥n La verdad se abre paso https://t.co/x4Q0xcqDSD https://t.co/Vm21X5BXbi,otros
#NoticiasTVN @MareaVerde_PA inform√≥ que se le han hecho adecuaciones a la barrera ecol√≥gica para as√≠ evitar que m√°s basura llegue al mar. https://t.co/vOUaH1JGuD,otros
RT @AsepPanama: Gestiona tu reclamo ante prestadores y en nuestra entidad al seguir estas indicaciones,otros
"RT @poeta_pueblo: Oro pana Panam√°, felicitaciones campeones a pesar de su discapacidad han tra√≠do mucha gloria para Panam√°. https://t.co/BV‚Ä¶",otros
SENADISPMA : Directora de la SENADIS comparte con funcionarios ... https://t.co/zM0NiJRmwm,otros
"RT @JC_Varela: El aumento de producci√≥n de drogas fortalece el narcotr√°fico y el crimen organizado, este hecho est√° incidiendo negativament‚Ä¶",otros
RT @JC_Varela: El nuevo Puente sobre el R√≠o Caldera en Boquete ya muestra m√°s de 90% de avance,otros
RT @JC_Varela: Nuestro reconocimiento a todos los hombres y mujeres que d√≠a a d√≠a se esfuerzan para llevar su mejor producto a los hogares‚Ä¶,otros
"¬°Te invitamos este fin de semana 13 y 14 de oct. al evento ‚ÄúLos gustos del chocolateüç´‚Äù üìåEl s√°bado 13 de 11:30am a 6:00pm en @altaplazamall ,y domingo 14 en La Siesta de Tocumen (Complejo Cultural y Deportivo de la Alcald√≠a de Panam√°) en el mismo horario. #LaCienciaestaenTodo https://t.co/YfavF0JX2Z",otros
"Inscr√≠bete en el 11¬∫ Congreso Latinoamericano de Clusters de la Red TCI, con el tema ‚ÄúLiderazgo para la innovaci√≥n y competitividad de Am√©rica Latina: Estrategias de desarrollo territorial basadas en clusters‚Äù. Del 21 al 23 de noviembre #11clac2018 https://t.co/CSDQXQUvLn https://t.co/v1vCXFfpUe",otros
"RT @alexschjelderup: Hoy miercoles, tercera pelicula del ciclo de cine de Ciencia Ficcion. Spike Jonze dirige a Joaquin Phoenix, perdidamen‚Ä¶",otros
"RT @FuckUpNightsPTY: Evento paralelo de @ForoCILAC : @FuckUpNightsPTY en el sal√≥n 102 de @CiudaddelSaber
#FUNPTY43 https://t.co/GzBZRjodMK",otros
"El Foro contar√° con m√°s de 100 actividades centrales que se desarrollar√°n en el Wyndham Albrook y m√°s de 20 eventos paralelos a realizarse en Ciudad del Saber. üí°
¬øTe interesa participar en los eventos paralelos? Conoc√© la lista completa en: https://t.co/Q35A5qUbVj https://t.co/5ihbxG8yPf",otros
"#LEWPSalud #Cannabis , el camino a vivir sin dolor https://t.co/4oecyGIpe3 https://t.co/Z9dIJtFRoB",otros
RT @linaresfulo: 6 a√±os de c√°rcel por tener $126 en marihuana,otros
RT @angieflorez_: Participando de acciones positivas para jovenes refugiados @DefensoriaPan @aspadepanama @AJuventudpa #ConLosRefugiados‚Ä¶,otros
RT @canaldepanama: ¬øSab√≠as que el agua dulce l√≠quida del planeta es una cantidad muy peque√±a? El agua es un tesoro y hay que protegerlo. ht‚Ä¶,otros
RT @UNESCO_es: Hoy se cumplen 113 a√±os del nacimiento de Pablo Neruda. Recordemos la originalidad de una voz √∫nica e irrepetible https://t.‚Ä¶,otros