tweet,categoria
"Capacitaci√≥n docente, una de las claves para educaci√≥n de calidad en Panam√° - v√≠a @EstrellaOnline",docentes
Las jornadas de capacitaci√≥n docente de @Meduca_Panama es una oportunidad de aprendizaje y perfeccionamiento docente.,docentes
Se est√° desarrollando hasta el 2 de febrero el programa de Capacitaci√≥n Docente Verano 2018 con el objetivo de fortalecer las estrategias y actividades relacionadas con el proceso ense√±anza aprendizaje. @Meduca_Panama,docentes
"En el d√≠a de hoy formalizamos el convenio de cooperaci√≥n con la C√°mara Paname√±a del Libro en apoyo a la Feria del Libro como todos los a√±os, este a√±o dando mayor √©nfasis a la promoci√≥n lectora y capacitaci√≥n docente",docentes
Capacitaci√≥n Docente como tutores de pr√°ctica profesional #Educaci√≥n #Panam√° #UMECIT,docentes
La educaci√≥n puede mejorar con buenos planes de capacitaci√≥n docente. #Panam√° comprometido a divulgar los contenidos.,docentes
"Asistencia a seminario de capacitacion docente ""Basura Cero en Panama Norte""",docentes
Prensa #Panama: Locales - Comienza primera fase de capacitaci√≥n docente: El Ministerio de Educaci√≥n (Meduca) inf... http://bit.ly/9OHsGY,docentes
"@Debate_Abierto @AlvaroAlvaradoC tenemos que habla m√°s de calidad educativa: aprendizaje, capacitaci√≥n docente, evaluaci√≥n, pedagog√≠a, etc.",docentes
¬øEres educador de escuela p√∫blica o privada? Te invitamos al taller EduReciclaje.  Convertiremos desechos de tu hogar en herramientas educativas para tu sal√≥n. Llena el formulario  https://t.co/nrufz4qbFl ¬°Es gratis! https://t.co/c9cJZVcUkZ,docentes
@FundacionProEd @Meduca_Panama Gracias por ser voluntarios hoy en la 1¬∫ prueba del Concurso por la #ExcelenciaEducativaPma 2017 https://t.co/woGDMtwqZx,docentes
Inicia el Programa de Desarrollo Profesional para docentes ganadores del Concurso 2016 @NewTeacherCtr @FIU @tvnnoticias @TReporta @senacyt https://t.co/QCA4Rn9p0D,docentes
"La jornada tiene como uno de sus objetivos, revisar los avances en la Presentaci√≥n de Resultados de pruebas a estudiantes ""Pre_Test"" de los cuarto, quinto y sexto grado de las escuelas que participan del Programa Hagamos Ciencia. https://t.co/pxzB0oNNms",docentes
Recibimos un grupo de maestros de Panam√° Biling√ºe #USFElementaryScienceTeaching ¬°Gracias por visitarnos! https://t.co/8EFQhC3ca6,docentes
"RT @Debate_Abierto: ""Para que el docente mejore su pedagog√≠a, necesitamos de la influencia de universidades de altos est√°ndares"", Francisco‚Ä¶",docentes
"RT @Debate_Abierto: ‚ÄúResaltamos las pr√°cticas del docente en el aula, las metodolog√≠as que usan para que los estudiantes aprendan‚Äù. Gina Ga‚Ä¶",docentes
"RT @ecotvpanama: ""Necesitamos planes de perfeccionamiento docente que sean bastante m√°s intensos en manos de expertos de primer nivel"" Juli‚Ä¶",docentes
"RT @Eirasantamaria: Aprende al M√°ximo de @Meduca_Panama realiza hoy en Chiriqu√≠ la Feria Cient√≠fica nivel primario, con m√°s de 25 zonas de‚Ä¶",docentes
RT @senacyt: El @biomuseo participa en el Encuentro de Experiencias de Aula con el Taller Docentes: Agentes de Cambio https://t.co/iW9A2Lst‚Ä¶,docentes
RT @UdaykiMendoza: Para un mejor pa√≠s debemos innovar los m√©todos de ense√±anza @ExcelenciaPma #hablemosdeeducacionpma,docentes
RT @WPhillyMatt: Smithsonian en Panam√°: ¬°Gracias @DrBiden por su apoyo a maestros atraves de las Americas! ¬°Y pa'lante @VillanovaU ! https:‚Ä¶,docentes
"@tvnnoticias @frantrej05 formaci√≥n docente de calidad, evaluaci√≥n y mentoria a docentes y directores #CalidadEducaci√≥n",docentes
"RT @frantrej05: Tenemos que hablar de calidad educativa, formaci√≥n docente, pedagog√≠a, evaluaci√≥n @AlvaroAlvaradoC @Debate_Abierto https://‚Ä¶",docentes
Un centro que busca promover la formaci√≥n de los docentes - v√≠a @EstrellaOnline https://t.co/sFqA95OcOJ,docentes
El Laboratorio Marino de Punta Galeta en la √∫ltima d√©cada ha recibido y entrenado a m√°s de 430 educadores en ciencia. El programa del @stri_panama tambi√©n incluye evaluaci√≥n y seguimiento del docente en el aula. #Misi√≥nAGaleta https://t.co/Wy7j24D4xt,docentes
"RT @Eirasantamaria: Aprende al M√°ximo de @Meduca_Panama realiza hoy en Chiriqu√≠ la Feria Cient√≠fica nivel primario, con m√°s de 25 zonas de‚Ä¶",docentes
"RT @FundacionProEd: Voluntarios PrÌ†ºÌΩéEd son observadores de la aplicaci√≥n de 2,000 pruebas a estudiantes de sexto, noveno y duod√©cimo grado‚Ä¶",docentes
"la cual incluy√≥ visitas a proyectos como: Aulas Amigas, laboratorio de innovaci√≥n, Parque Explora y el Centro de Innovaci√≥n del Maestro (MOVA). Este √∫ltimo, se tomar√° en cuenta como referente de buenas pr√°cticas para el Centro de Innovaci√≥n Educativa ProEd - 20-30,",docentes
"La jornada tiene como uno de sus objetivos, revisar los avances en la Presentaci√≥n de Resultados de pruebas a estudiantes ""Pre_Test"" de los cuarto, quinto y sexto grado de las escuelas que participan del Programa Hagamos Ciencia. https://t.co/pxzB0oNNms",docentes
"Krystel Del Rosario y Lineth Campos de la #SENACYT, llevan a cabo la tercera reuni√≥n con los coordinadores del Programa Hagamos Ciencia de #Chiriqu√≠ #Herrera #Veraguas #LosSantos #Panam√°centro #Panam√°norte #SanMiguelito https://t.co/LoXYcY9i52",docentes
Taller del programa Hagamos Ciencia de Senacyt y Meduca con materiales de la Caja de Herramientas El Puente Surge. http://t.co/p9Wr53DO9c,docentes
RT @senacyt: El @biomuseo participa en el Encuentro de Experiencias de Aula con el Taller Docentes: Agentes de Cambio https://t.co/iW9A2Lst‚Ä¶,docentes
Inicia el Programa de Desarrollo Profesional para docentes ganadores del Concurso 2016 @NewTeacherCtr @FIU @tvnnoticias @TReporta @senacyt https://t.co/QCA4Rn9p0D,docentes
Estamos en @FIU con las facilitadoras - Programa de Desarrollo Profesional @NewTeacherCtr @CGonzalezIvette #TomasitaVillarreal #Premios2016 https://t.co/mKnWStMKjh,docentes
"RT @ExcelenciaPma: ""El impacto que los docentes tienen en sus alumnos va m√°s alla de sus aulas"" nos indica la Dra.@EmiVegasV @UNIVERSIDAD_‚Ä¶",docentes
RT @GGuerrel: Tenemos que reforzar la capacitaci√≥n y desarrollo de la formaci√≥n del docente que es un pilar clave en las aulas... #CaminoAL‚Ä¶,docentes
"RT @ecotvpanama: ""Si invertimos dinero en el perfeccionamiento docente podemos obtener resultados mejores que inversi√≥n en infraestructura""‚Ä¶",docentes
RT @Meduca_Panama: La Direcci√≥n de Perfeccionamiento capacitar√° a directores y docentes de 200 centros educativos en las √°reas donde sus es‚Ä¶,docentes
RT @ensenaxpanama: En @ensenaxpanama apoyamos la excelencia educativa ¬°El futuro del pa√≠s se define en las aulas! https://t.co/bguQHktg1F,docentes
Los maestros analizan en grupo las dificultades que hay que superar en el sal√≥n de clases para la ense√±anza de la ciencia. https://t.co/Qri0Yd22tj,docentes
"RT @Debate_Abierto: ""Para que el docente mejore su pedagog√≠a, necesitamos de la influencia de universidades de altos est√°ndares"", Francisco‚Ä¶",docentes
"RT @Debate_Abierto: ‚ÄúResaltamos las pr√°cticas del docente en el aula, las metodolog√≠as que usan para que los estudiantes aprendan‚Äù. Gina Ga‚Ä¶",docentes
"RT @sertvnoticias: ‚ÄúAprende al m√°ximo incluye lectura, matem√°ticas, ciencias y est√° focalizado a las escuelas primarias‚Äù. Min.@paredm05 de‚Ä¶",docentes
RT @tvnnoticias: #Nacionales: @Meduca_Panama inicia evaluaci√≥n del programa Panam√° Biling√ºe. M√°s en https://t.co/7w0x9IK3yd https://t.co/W0‚Ä¶,docentes
RT @EvelioDCarrizo: Lanzamiento del Proyecto Aprende Al M√°ximo trabajando por la @ExcelenciaPma desde Llano Bonito Chitr√©. @Meduca_Panama @‚Ä¶,docentes
"En #Panam√° formaci√≥n docente es la menos importante: m√°s vale formar abogados, ingenieros administrativos, m√©dicos,que maestros o profesores",docentes
"""En Panam√° se lleva a cabo el programa Smart School, donde le aportamos el apoyo en recursos materiales, capacitaci√≥n y formaci√≥n para que los maestros ense√±en a los estudiantes en ambientes interactivos"" @NicoleOrillac de Samsung",docentes
"Hoy @AmpymePanama culmino la formacion docentes en Educacion y Cultura Emprendedora con el Taller ""Emprendiendo desde el Aula"", con maestros de todo el pa√≠s, brindandoles estratebias y herramientas pr√°cticas de formaci√≥n en emprendimiento. @Meduca_Panama #CulturaEmprendedora",docentes
"Entonces xq la educaci√≥n oficial es tan deficiente si maestros son ""id√≥neos""? Mala formaci√≥n rinde malos resultados",docentes
"@Meduca_Panama: Inicia Conferencia ""Tendencia global en formaci√≥n de maestros"" con Mgtra. Nathalia Khayat de Brazil",docentes
"Marcela Paredes @Meduca_Panama: Este a√±o completaremos 1750 maestros y profesores, es un a√±o de formaci√≥n de docentes #ECO360",docentes
Panam√° intenta mejorar su modelo de formaci√≥n de maestros y profesores v√≠a @EstrellaOnline http://laestrella.com.pa/p/23843198,docentes
Preparando materiales para jornadas de seguimiento de formaci√≥n de profesores con Ministerio de Educaci√≥n de Panam√°,docentes
"@KC_Panama nos enorgullece apoyar a #PanamaBilingue realizando programas anuales de formaci√≥n y desarrollo professional a profesores de ingl√©s de escuelas p√∫blicas, lo que forma parte de nuestro compromiso con Panam√° @Meduca_Panama @CancilleriaPma @UKinPanama #EducationIsGREAT",docentes
"La Embajada de Francia, el @IFACAmcent , el @Meduca_Panama y @AlianzaFrPanama organizaron una formaci√≥n destinada a los profesores de franc√©s de los centros educativos oficiales y particulares",docentes
‚Äú@FormacionyTics:La formaci√≥n de los profesores:pasado vs presente #education: ' http://ow.ly/Kmzis ‚Äù @Meduca_Panama @PrealEd @reduca_al,docentes
"La #UAH firma convenio con Universidad Panam√° para fomento #investigaci√≥n, formaci√≥n y movilidad profesores y alumnos http://ow.ly/rSPNz",docentes
Otra historia de √©xito gracias a Fundaci√≥n Telef√≥nica #Educaci√≥n #Becas @FTelefonicaPA #Panam√° http://www.critica.com.pa/notas/1781739,docentes
Inicia Taller de Adiestramiento en Dos Plataformas Rob√≥ticas para Maestros de Escuelas Primarias en 10 Distritos de la Provincia de Veraguas,docentes
La Dra. Viviana Morales @UNACHIpanama expone sobre el taller Los Colores de la Ciencia para maestros de grado @Meduca_Panama @senacyt,docentes
Equipo de la AMPYME y @Meduca_Panama realizan taller de capacitaci√≥n a profesores de centros escolares escogidos para la implementaci√≥n del proyecto ‚ÄúEmprendiendo desde el aula‚Äù durante esta semana de receso escolar. pic.twitter.com/h86NoFqe6i,docentes
http://scienceindex.com  La operacionalizaci√≥n del desarrollo profesional de los docentes en Panam√° entre las... http://dlvr.it/3bWyDh,docentes
Docentes de #Chiriqui participan en seminario de Desarrollo Profesional del Programa Hagamos Ciencia @senacyt @Meduca_Panama @UNACHIpanama,docentes
FGLG present√≥ su Diplomado 2019: Fundamentos para una educaci√≥n eficiente en el idioma ingl√©s dirigido a los maestros permanentes con 3 a 20 a√±os de servicio que imparten la asignatura ingl√©s. Gracias a la Direcci√≥n Nacional de Perfeccionamiento del @Meduca_Panama por el aval.,docentes
"Crear la Nueva Facultad de Educaci√≥n de la Universidad de Panam√°, garantiza un perfeccionamiento en nuestros docentes #UniendoFuerzas #NitoPresidente",docentes
La Direcci√≥n de Perfeccionamiento @Meduca_Panama capacitar√° a directores y docentes de 200 centros educativos en las √°reas donde sus estudiantes mostraron resultados por debajo del promedio en las pruebas del Concurso 2017,docentes
"#Pol√≠ticasDocentes2018 En estos momentos Tania de Gord√≥n, Directora Nacional de Perfeccionamiento Docente, de Minetrrio de Educaci√≥n de Panam√° expone resultados de pol√≠ticas docentes de su pa√≠s.",docentes
"El @Meduca_Panama a trav√©s de la Direcci√≥n Nacional de Formaci√≥n y Perfeccionamiento profesional, inici√≥ este lunes 22 de enero, las capacitaciones de verano 2018 para docentes en todo el pa√≠s, en la Universidad Latina de Panam√°.",docentes
"""He sido muy claro con la evaluaci√≥n del sistema, no es s√≥lo evaluar a los docentes para tener un instituto de perfeccionamiento docente que no existe en Panam√°"", @NitoCortizo #PanamaDebaTE",docentes
"Mas de 120 docentes distribuidos en seis grupos, a nivel Nacional, inician hoy el Segundo Curso Virtual de ‚ÄúHerramientas Did√°cticas ‚Äú en la Plataforma Educa Panam√° de Meduca, organizados por el equipo de la Direcci√≥n de Perfeccionamiento y Portal Educativo. @DnfppMeduca",docentes
"Con miras garantizar la formaci√≥n y el perfeccionamiento profesional de los docentes del @IPHEinclusivo y el @Meduca_Panama , inici√≥ a nivel nacional las jornadas de capacitaci√≥n de verano para los educadores y personal t√©cnico. @mgv2205 @PresidenciaPma @PrimeraDamaPma @Senniaf",docentes
Retweeted IPHE Panam√° (@IPHEinclusivo): Capacitan a docentes en perfeccionamiento para la atenci√≥n de...,docentes
Hoy los docentes del taller de perfeccionamiento aprenden sobre nuestro patrimonio y c√≥mo cuidarlo. @KiwanisPma @Meduca_Panama Panam√° Viejo es de todos #500A√±os,docentes
Los docentes de nuestro taller de perfeccionamiento acompa√±ados de @MLineroBaroni conocen la arqueolog√≠a del sitio. @Meduca_Panama @KiwanisPma,docentes
"Panam√°: Denuncian que Molinar cerr√≥ comisi√≥n de apoyo a docentes http://bit.ly/19XCPZr  , RT",docentes
"A ver que tipos de Seminarios van a impartir, en verano muchos de los seminarios organizados por la Direcci√≥n Nacional de Perfeccionamiento no llenan las expectativas de los docentes. A parte de que son insuficientes para cubrir la gran cantidad de los docentes.",docentes
Agradecimientos a @UNIVERSIDAD_PMA Universidad de Panam√° por el acompa√±amiento pedag√≥gico e investigativo permanente a la labor de cambio social de @FccPty,docentes
@IPHEinclusivo y @Meduca_Panama accionan acompa√±amiento pedag√≥gico https://youtu.be/tBmLinoO40Q  @mgv2205 @udelasoficial @SenadisInfo @caspanpty,docentes
"Siempre que mantengan constante supervisi√≥n a los maestros de ingl√©s en las escuelas, puede haber un gran % de √©xito. Sigue...",docentes
Es que los profesores en la @UNIVERSIDAD_PMA no tienen supervisi√≥n y hacen lo que les da la gana. Faltan demasiado a clase y nadie sabe a donde quejarse...anarqu√≠a total y nadie pone orden.,docentes
"Retweeted MeducaPanama (@Meduca_Panama): ""Vamos a mejorar la supervisi√≥n y la evaluaci√≥n docente en las Escuelas"" Ministra Marcela Paredes",docentes
"Formaci√≥n de Inspectores en Panam√°, para la supervisi√≥n docente en escuelas inclusivas. Objetivo: mejora de la calidad educativa. Ah√≠ estaremos muy pronto!",docentes
"RT @ApanacPanama: Estimados Socios"" Asamblea General de APANAC, este mi√©rcoles 17 de julio a las 7pm Sal√≥n Stagg del Club Uni√≥n. Se present‚Ä¶",otros
"Ministro Encargado Cosme Moreno, participa en el Acto de Clausura del Programa de Seguridad Alimentaria y Nutricional (SAN2019), en Quebrada de Piedra en Tol√© , Chiriqu√≠. https://t.co/4JwEkX4YeQ",otros
"Dr. Jaime S√°nchez del Hospital Santo Tom√°s en seminario de el CIDETE de Bocas del Toro, agradece a la UP por la utilizacion de los equipos de simulaci√≥n y las facilidades de este centro. https://t.co/Waj0kGmNDP",otros
"El Ing. Agr√≥nomo y productor de arroz, Acher Melamed comparti√≥ sus experiencias en el proceso del cultivo del arroz. https://t.co/Sq8t1Iezwq",otros
"RT @CulturaArtePTY: Calendario de Actividades. Hasta el Domingo 27 de Mayo, 2018. BioMuseo https://t.co/as1ZjjHfNn",otros
"RT @JC_Varela: Nuestras sinceras condolencias a los familiares y amigos del excampe√≥n mundial de boxeo Eusebio Pedroza, quien con disciplin‚Ä¶",otros
RT @ANTAI_Panama: Informe de Evaluaci√≥n de Monitoreo Febrero 2019 https://t.co/M1mAos05Na https://t.co/YEnq1XxOMW,otros
El Gobierno del Presidente @JC_Varela ejecuta una inversi√≥n de $146.89 millones en la construcci√≥n y rehabilitaci√≥n de 196.55 km de carreteras y caminos en la comarca Ng√§be Bugl√©. #Panam√°Cumplimos #ComarcaCumplimos https://t.co/7lHS0Vv9so,otros
"RT @RusiaGonzalez: La experiencia es completa... cargar el tanque de ox√≠geno, casco, lentes y manguera. @MRUPanama @UNIVERSIDAD_PMA https:/‚Ä¶",otros
#LEPCultura Advierten sobre una vulnerabilidad cr√≠tica en Firefox que est√° siendo explotada por atacantes https://t.co/snehmNfd0M https://t.co/LqtEBVjMhV,otros
RT @pmaenlinea: Conoce cu√°les son los tr√°mites del Departamento de Registro de Derecho de Autor @MICIPMA que puedes tramitar en l√≠nea su so‚Ä¶,otros
Unidades de la Polic√≠a Nacional pusieron a √≥rdenes del Ministerio P√∫blico a un ciudadano que fue captado en video agrediendo a una dama en Bocas del Toro. #TReporta @ProtegeryServir https://t.co/48YtqTyMZy,otros
"Con la puesta en marcha de la #NuevaTerminal2, el Aeropuerto Internacional de Tocumen aumentar√° a un total de 54 posiciones de contacto de aeronaves y 12 posiciones remotas entre ambas terminales. #Panam√°Cumplimos https://t.co/AUeg8sIG0o",otros
#LEPOpini√≥n La verdad se abre paso https://t.co/x4Q0xcqDSD https://t.co/Vm21X5BXbi,otros
#NoticiasTVN @MareaVerde_PA inform√≥ que se le han hecho adecuaciones a la barrera ecol√≥gica para as√≠ evitar que m√°s basura llegue al mar. https://t.co/vOUaH1JGuD,otros
RT @AsepPanama: Gestiona tu reclamo ante prestadores y en nuestra entidad al seguir estas indicaciones,otros
"RT @poeta_pueblo: Oro pana Panam√°, felicitaciones campeones a pesar de su discapacidad han tra√≠do mucha gloria para Panam√°. https://t.co/BV‚Ä¶",otros
SENADISPMA : Directora de la SENADIS comparte con funcionarios ... https://t.co/zM0NiJRmwm,otros
"RT @JC_Varela: El aumento de producci√≥n de drogas fortalece el narcotr√°fico y el crimen organizado, este hecho est√° incidiendo negativament‚Ä¶",otros
RT @JC_Varela: El nuevo Puente sobre el R√≠o Caldera en Boquete ya muestra m√°s de 90% de avance,otros
RT @JC_Varela: Nuestro reconocimiento a todos los hombres y mujeres que d√≠a a d√≠a se esfuerzan para llevar su mejor producto a los hogares‚Ä¶,otros
"¬°Te invitamos este fin de semana 13 y 14 de oct. al evento ‚ÄúLos gustos del chocolateÌ†ºÌΩ´‚Äù Ì†ΩÌ≥åEl s√°bado 13 de 11:30am a 6:00pm en @altaplazamall ,y domingo 14 en La Siesta de Tocumen (Complejo Cultural y Deportivo de la Alcald√≠a de Panam√°) en el mismo horario. #LaCienciaestaenTodo https://t.co/YfavF0JX2Z",otros
"Inscr√≠bete en el 11¬∫ Congreso Latinoamericano de Clusters de la Red TCI, con el tema ‚ÄúLiderazgo para la innovaci√≥n y competitividad de Am√©rica Latina: Estrategias de desarrollo territorial basadas en clusters‚Äù. Del 21 al 23 de noviembre #11clac2018 https://t.co/CSDQXQUvLn https://t.co/v1vCXFfpUe",otros
"RT @alexschjelderup: Hoy miercoles, tercera pelicula del ciclo de cine de Ciencia Ficcion. Spike Jonze dirige a Joaquin Phoenix, perdidamen‚Ä¶",otros
"RT @FuckUpNightsPTY: Evento paralelo de @ForoCILAC : @FuckUpNightsPTY en el sal√≥n 102 de @CiudaddelSaber
#FUNPTY43 https://t.co/GzBZRjodMK",otros
"El Foro contar√° con m√°s de 100 actividades centrales que se desarrollar√°n en el Wyndham Albrook y m√°s de 20 eventos paralelos a realizarse en Ciudad del Saber. Ì†ΩÌ≤°
¬øTe interesa participar en los eventos paralelos? Conoc√© la lista completa en: https://t.co/Q35A5qUbVj https://t.co/5ihbxG8yPf",otros
"#LEWPSalud #Cannabis , el camino a vivir sin dolor https://t.co/4oecyGIpe3 https://t.co/Z9dIJtFRoB",otros
RT @linaresfulo: 6 a√±os de c√°rcel por tener $126 en marihuana,otros
RT @angieflorez_: Participando de acciones positivas para jovenes refugiados @DefensoriaPan @aspadepanama @AJuventudpa #ConLosRefugiados‚Ä¶,otros
RT @canaldepanama: ¬øSab√≠as que el agua dulce l√≠quida del planeta es una cantidad muy peque√±a? El agua es un tesoro y hay que protegerlo. ht‚Ä¶,otros
RT @UNESCO_es: Hoy se cumplen 113 a√±os del nacimiento de Pablo Neruda. Recordemos la originalidad de una voz √∫nica e irrepetible https://t.‚Ä¶,otros
"""Como cat√≥lico, me da pena que las mujeres sean las que patrocinen las roscas en las instituciones""",otros
DG @donderisja entrega reconocimiento a los maestros instructores de la Academia de Formaci√≥n de @Sinaproc_Panama,otros
"#SigueA @maruhealthy Formaci√≥n de Maestros de #Kundalini Yoga en Panam√°, m√°s informaci√≥n‚Ä¶ https://www.instagram.com/p/BDQ_N9zsgrJ/",otros
Felicitamos a todos los maestros de Panam√° en su d√≠a.Gracias por su entrega en la formaci√≥n de las generaciones futuras,otros
"#PANAMA muy pronto tendremos las 50 hrs de Yin Yoga, certificaci√≥n para profesores de yoga que quieran continuar su formaci√≥n #Yogapty #yoga Panam√° #Panamayoga #yoga507",otros
"El comit√© organizador del III Encuentro Latinoamericano de M√∫sica Coral, anuncia al Mtro. Javier Busto Sagrado (Espa√±a) Taller Interpretaci√≥n Coral. ELAMCO 21 al 25 de octubre del 2019, en Ciudad de Panam√°",otros
En las organizaciones hay muchos #expertos  y pocos #maestros. Taller: Los Constructores @Edwinjaenjaen #TalleresNavega #Panama ,otros
Gracias a @Meduca_Panama por el apoyo a que los maestros de educaci√≥n media sean divulgadores de las estrategias de prevencion y estilos de vida saludable. Abordar los determinantes sociales de la salud es importante.,otros
Siempre dispuestos a contribuir con la educaci√≥n hacemos traslados de maestros en √°reas de dif√≠cil acceso/Aeronave AN-143 en las monta√±as de la Comarca Ng√§be-Bugl√© aterriza seg√∫n plan de vuelo y brinda apoyo. @Meduca_Panama,otros
Traslado de maestros en apoyo @Meduca_Panama comunidades La Trinchera y Mayo/Comarca Ng√§be Bugl√©/Rambala/AN-134/en alianza con la educaci√≥n.,otros
Algunos comentarios de Los participantes e nuestro taller Lectura y escritura Creativa #Maracaibo #venezuela #maestras #maestros #docentes #educacion #miami #Houston #Chile #Panam√°,otros
RT @MelyWongSagel: Inicia el Concurso por la Excelencia Educativa @ExcelenciaPma #HablemosDeEducacionPma #AliadosXLaNi√±ezYAdolescencia #som‚Ä¶,actividades educativas
"RT @drpichel: Una buena semana: Concurso de Oratoria, Excelencia Educativa y Heroes por Panama... Parece que queda alguna esperanza...",actividades educativas
Conjunto Folkl√≥rico del CRUCOCLE y el instructor Francisco de Le√≥n. En segundo mes de pr√°cticas y la coordinadora de cultura Mar√≠a In√©s S√°nchez. Todo con el apoyo del Dr. Eduardo Flores Castro. @eflorescastro https://t.co/AegKBFFGNy,actividades educativas
En la #OliPaCe los estudiantes tuvieron la oportunidad de forman equipos y poner en pr√°ctica sus estrategias y distribuci√≥n de roles en el taller de rob√≥tica. https://t.co/ZTV3wz4RsN,actividades educativas
Biomuseo y la Universidad ISAE firmaron un  acuerdo para la realizaci√≥n de pr√°cticas profesionales y labor social. https://t.co/48gl3xvSKX,actividades educativas
"RT @Debate_Abierto: ""Panam√° est√° mejorando en la educaci√≥n, el Concurso por la Excelencia Educativa nos est√° ayudando"", Argelia R√≠os. #Deba‚Ä¶",actividades educativas
Concurso de oratoria de Universidades por @SERTVNOTICIAS. @AsuntosEst @eflorescastro @RusiaGonzalez https://t.co/fgv0iIrfbF,actividades educativas
Conjunto Folkl√≥rico de la Vicerrector√≠a de Asuntos Estudiantiles.@AsuntosEst https://t.co/hy4H0rdB2B,actividades educativas
"RT @UtpDgtc: @utppanama @senacyt @CiudaddelSaber Incia el Taller en el Smart Summer Camp, Rob√≥tica Edicativa. https://t.co/8jKZFsFgBF",actividades educativas
RT @ecotvpanama: Estudiantes realizan primera prueba de conocimiento del concurso por la Excelencia Educativa https://t.co/SN8M78AoGG,actividades educativas
"Inicia concurso de oratoria con la participaci√≥n de la Universidad de Panam√°, UTP y UDELAS. https://t.co/BztrJb9FzX",actividades educativas
Pr√°cticas del nuevo conjunto folkl√≥rico del Centro Regional Unversitario de Cocl√©.@eflorescastro https://t.co/Soz9WGBtmk,actividades educativas
Presentes en la inauguraci√≥n de las Olimpiadas de Rob√≥tica Cable Onda 2018 #RobotizateCO https://t.co/qMLSDJrPh6,actividades educativas
"RT @Debate_Abierto: #DebateAbierto ""El ajedrez es una forma de retar la mente de las personas y requiere capacidad de an√°lisis"". Julio Esco‚Ä¶",actividades educativas
RT @iahalman: Felicidades a equipo de ajedrez de primaria escuela Guillermo Endara G. por clasificar para torneo nacional. √âxito muchachos!‚Ä¶,actividades educativas
RT @iahalman: Colaboradores AIG organizan Club de Ajedrez para promoci√≥n de habilidades de pensamiento cr√≠tico como Responsabilidad Social‚Ä¶,actividades educativas
Sigue el Concurso Z√°rate en Panam√° y est√° cayendo un torrencial aguacero.,actividades educativas
"Acompa√±anos al Concurso de Debate Universitario,Hotel Panama 5:00pm",actividades educativas
"Est√° bien el concurso de oratoria, pero y cu√°ndo uno de debate? Creo que a Panam√° le hace falta m√°s gente que debata ideas que oradores.",actividades educativas
#ElPaisDD M√°s del concurso de debate sobre impacto de las relaciones de China con Panam√° que se realiza en el colegio Francisco Beckman.,actividades educativas
En la final del I concurso de debate escolar de Panama. Impresionada con los equipos finalistas! #debateLatrata #OIM,actividades educativas
Primer Concurso Nacional Juvenil de Debate Hoy Hotel Panam√° Salon Centenario desde la 5:00 pm @toyconpanama,actividades educativas
"Gratamente sorprendida por seis adolescentes debatiendo sobre el #PactoMundialMigraciones en el I Concurso de Debate Escolar en Panama, incluyendo temas como trata de personas y personas refugiadas #DebateLaTrata",actividades educativas
"Un honor participar en calidad de jurado en la final del concurso de debate ‚ÄúDr. Humberto Jir√≥n Soto‚Äù, Universidad de Panam√°. El Dr. Jir√≥n Soto ha sido de los profesores m√°s influyentes en mi crecimiento durante mi carrera de derecho, y como profesional. @EMBAJADORJIRON",actividades educativas
Panam√° Oeste gana el concurso Nacional de Debate. http://www.meduca.gob.pa/prensa/Panama_Oeste_gana_concurso_Nacional_Debate ‚Ä¶,actividades educativas
#LatinOLPositivo | M√°s de 120 alumnos participan en el primer concurso de debate de Panam√° Oeste. http://www.latinol.com/vidasocial/panama-pacifico-junto-alianza-escolar-panamena-forman-a-los-nuevos-lideres/80473.html ‚Ä¶,actividades educativas
Felicidades al Colegio Nuestra Se√±ora de Bethlem (Bethlemitas) ganadores del concurso de debates de la regional Panam√° B del Concurso Nacional de Debates organizado por Asociaci√≥n Paname√±a de Debate ASPADE realizado hoy en @uippanama,actividades educativas
Que opinas del bsil? ‚Äî La mejor banda escolar de panama,actividades educativas
"En la Villa de los Santos, cuna de nuestra nacionalidad, la banda escolar toca ""Buscando Visa para un Sue√±o"" de 4-40. ¬øY el ""Viva Panam√°""?",actividades educativas
Mis respetos y admiraci√≥n a quienes considero la mejor banda de musica escolar de la Rep√∫blica de Panam√°. http://fb.me/8hhdisG4k,actividades educativas
La banda del IESC es la mejor banda de guerra escolar de Panam√° #proud,actividades educativas
Cual es la mejor banda de musica escolar en Panam√°?,actividades educativas
imagenes de la mejor banda de musica colegial de Panam√° la banda Armando Villa del Instituto Ferm√≠n Naudeau,actividades educativas
"Nos da much√≠simo gusto recibir a la banda colegial del Instituto Episcopal San Cristobal para El Festival internacional de las bandas sabado sept 8, 5pm en Dominguez High School. Gracias @CofecaOrg por el patrocinio y colaboraci√≥n! @Meduca_Panama @ComptonUnified @mrmicahali",actividades educativas
#Panam√° - Banda colegial paname√±a estar√° en el tradicional Desfile de las Rosas http://bit.ly/2C94VHG  v√≠a VozzNews,actividades educativas
"Estudiantes de la Banda de M√∫sica Profesor Heberto L√≥pez del Colegio Jos√© Daniel Crespo de Chitr√©, en California donde representar√°n a Panam√° y latinoam√©rica en el Desfile de las Rosas.",actividades educativas
"Banda del Colegio Las Esclavas gana Primer Lugar  en categor√≠a banda de Liras y Tambores, premio otorgado por @Meduca_Panama.",actividades educativas
V√≠a; @CriticaPa Conjunto folcl√≥rico de la escuela Santa Familia. #111A√±osPanam√° #Panam√°,actividades educativas
Conjunto folcl√≥rico de la Escuela de @RioSereno le dedica a #Panama #MesdelaPatria #Folclore https://instagram.com/p/9oczADttik/,actividades educativas
Huerto Escolar en Panam√° 2011,actividades educativas
"Ni√±os de la Escuela de San Pablo Viejo y la Red Territorial de @MIDES_PANAMA Chiriqui, preparan huerto escolar.",actividades educativas
TVN Noticias Ni√±os ind√≠genas de Veraguas se alimentan del huerto escolar http://bit.ly/g7ZTzS #Panama,actividades educativas
"Querer es poder, 11 estudiantes del C. E. El Cara√±o ubicado en Capira Panam√° Oeste, cosechan pepino de su huerto escolar y se preparan para la siembra de  ma√≠z, luego de un trabajo ejemplar con la colaboraci√≥n de los padres de familia.",actividades educativas
#MIDA supervisa huerto escolar en √°rea de Panam√° Oeste.,actividades educativas
Ni√±os Cooperativistas de Majara cosechan arroz de su huerto escolar #Econom√≠a #Panam√° http://bit.ly/PiGIOS,actividades educativas
#Econom√≠a Inician la sexta siembra de huerto escolar en El Chorrillo >http://bit.ly/2tbfvb8,actividades educativas
@IPHEinclusivo de Panam√° Oeste prepara huerto escolar sostenible https://youtu.be/0taRLTLwqGI  @mgv2205 @PresidenciaPma @SenadisInfo @Meduca_Panama @MIDES_PANAMA @SomostodosTV @caspanpty @inclusionpanama @BestBuddiesPana @Fundasoycapaz @inclusivepanama @CreciJuntosPma @Senniaf,actividades educativas
MIDA y Caja de Ahorro impulsan Huertos Escolares en Panam√° Oeste.,actividades educativas
Inician la sexta siembra de huerto escolar en El Chorrillo - La Estrella de Panam√° http://ow.ly/hsNh50cK26j,actividades educativas
"Esta ma√±ana se dio inicio a las labores en el huerto de la escuela de El Higo de Cochea, provincia de Chiriqu√≠, beneficiario del programa @MIDAPANAMA, @CajadeAhorrosPA y @Meduca_Panama donde participan estudiantes desde primer a sexto grado.",actividades educativas
Buenos dias escuela primaria Republica de Guatemala viajando a Taylandia para participar en feria robotica ya que fueron uno de los ganadores aca en Panam√°,actividades educativas
"Panam√° Norte presente en la feria cient√≠fica con la participaci√≥n de la escuela C. E. B. G. Presidente Roosevelt. Proyectos de Rob√≥tica de reciclaje escolar, e Implementaci√≥n rob√≥tica escolar.",actividades educativas
"La Escuela Biling√ºe Mois√©s, de Ciudad Radial, Juan D√≠az, recibi√≥ de la Fundaci√≥n Nacional para el Desarrollo de las STEM (Fundesteam), sets de laboratorio de Rob√≥tica Educativa que beneficiar√° a su poblaci√≥n estudiantil de m√°s de 400 alumnos. #radiomiapanama #noticias #panama #rd",actividades educativas
"Le deseamos mucho √©xito a los estudiantes de la escuela Howard Academy, quienes hoy parten a EE.UU. para representar a Panam√° en el Campeonato Mundial de Rob√≥tica @VEXRobotics #VamosPanam√°",actividades educativas
#Nacionales Inicia plan piloto de rob√≥tica educativa en escuela de Panam√° Viejo http://bit.ly/2vYxc3O,actividades educativas
Rob√≥tica para escuela p√∫blica de Panam√°,actividades educativas
Panama: Taller de Rob√≥tica en la Escuela Victoriano Lorenzo http://goo.gl/CKYlQY,actividades educativas
Entrega oficial de Laboratorio de #Robotica a escuela #SaraSotillo en Panam√° Viejo. Cambiando la educaci√≥n en #Panama,actividades educativas
ESCUELA EN ANTON RECIBE ROB√ìTICA EDUCATIVA EN COLABORACI√ìN CON FORD FUND Y FONDO UNIDO PANAM√Å,actividades educativas
Muestra de #Robotica en el BizFit #Panama #2014 Por Escuela Publica de Chiriqui...,actividades educativas
Ni√±os de la Escuela Oxford Panam√° concursan en la Olimpiada de Rob√≥tica y competencia de proyectos cient√≠ficos con un robot automatizado que mueve paneles solares para captar mejor la energ√≠a solar. V√≠a @riverarias92,actividades educativas
Clases de Rob√≥tica @Meduca_Panama Escuela Secundaria de Aserr√≠o,actividades educativas
Estudiantes de la Escuela Multigrado de Los Castillos de Parita finalizan su Curso de Rob√≥tica Educativa. @senacyt @eflorescastro @Meduca_Panama @DIGITE_UP,actividades educativas
Visitamos la escuela Carlos A. Mendoza para conocer c√≥mo la rob√≥tica se convierte en una herramienta educativa @fundesteam #Panam√° #Educaci√≥n #Rob√≥ticaEducativa #LegadoMotta,actividades educativas
"Una gran variedad de hortalizas y granos son cosechados por estudiantes y educadores de la escuela Hato San Juan, distrito de San Lorenzo, en el huerto establecido a trav√©s del programa @MIDAPANAMA, @Meduca_Panama, @CajadeAhorrosPA",actividades educativas
@leroymerlin_es hola!! El CEIP Rep√∫blica de Panam√° se re√∫ne hoy para dar pistoletazo de salida al Huerto Escolar. Estamos a la espera de vuestras ideas!! Mil gracias!!!,actividades educativas
El proyecto de huerto escolar dirigido por la... http://fb.me/7WA63hZim,actividades educativas
Realizan cosecha de huerto escolar http://bit.ly/2bfIerl  #Panama,actividades educativas
Aun no entiendo como el Gobierno no tiene dinero para mandar una banda de musica de una escuela publica a representar a Panam√° en otro pais,actividades educativas
"Banda de m√∫sica Escuela La Primavera Santiago,en sus √∫ltimas pr√°cticas para su participaci√≥n en la ""Cumbre de Panam√°"".",actividades educativas
Ganadoras (primer y segundo lugar) Concurso Nacional Juvenil de Debate dado ayer en el Hotel Panam√°.,actividades educativas
"Estudiantes de la universidad de Panam√° del centro regional de Cocl√©, hoy cumplimos con nuestra labor social para el beneficio de una escuela en Ant√≥n. Gracias por ayudarlos.",actividades educativas
Hoy en la escuela Nombre de Dios nos dieron un grato reconocimiento por nuestra labor social. #Panama #pty,actividades educativas
"#ElPa√≠sDD Estudiantes de Crist√≥bal Ad√°n Urriola (CADU) ubicada en Arraij√°n, Panam√° Oeste recogen donaci√≥n de alimentos secos para el Hogar San Jos√© de Malambo. Esta es la labor social de los chicos que les exigen en la escuela y hoy est√°n en el SuperCarnes @Jesus06041973",actividades educativas
Los estudiantes de secundaria est√°n obligados a realizar 80 horas de labor social y lo que hacen son tonter√≠as. Opino que podr√≠an sumar 40 horas de limpieza de playas o de su propia escuela.,actividades educativas
Esmy estudiante de Colegio Sant Antony desarrolla labor social ayudando a leer y escribir a residente.@Meduca_Panama,actividades educativas
Escuela Episcopal de Panam√° se alza como equipo campe√≥n del primer torneo de Ajedrez Escolar,actividades educativas
Llevando el ajedrez a todo mi Panam√°. Escuela Luis N. Herazo @panamamunicipio @panamachesskids @KatleenLevyG #Ajedrez #ajedrezparatodos,actividades educativas
Recreaci√≥n y aprendizaje ‚ôü . . #HowardAcademy #School #Colegio #Panam√° #Estudiantes #students #panamacity #panamapacifico #creatividad #juegos #play #education #educaci√≥n #jueves #tbt #ajedrez,actividades educativas
Juan Eloy Luria nos acompa√±a desde #Chitre representando al Colegio Agustiniano. #PuntosDeCultura #DerechosCulturales #Panam√° #Ajedrez #JaqueMate,actividades educativas
Ajedrez Curricular con los chicos del 3B del Colegio Episcopal de Panama. #PlaytoThink‚Ä¶ https://www.instagram.com/p/BE_MLkhuB-5/,actividades educativas
"en el colegio de mis hijos en Panam√° se ha iniciado un proyecto de ajedrez, con el apoyo de la federaci√≥n de ajedrez, su presidente est√° muy entusiasmado con la idea de que el ajedrez como materia desde maternal ( 3 a√±os)se convierta en eje transversal de educaci√≥n para 2020.",actividades educativas
"Labor social @talenpropanama hoy con mis hermanos @KiwanisPma visitando la escuela Juan B. Sosa, en Panama Viejo #YSeguimos #SirviendoALosNi√±osDelMundo",otros
"Voluntarios de @CWPanama realizaron una labor social en la escuela El Salto, pintando el comedor escolar donde asisten los ni√±os de la etnia ember√° para recibir su desayuno y almuerzo que les brinda nuestra Fundaci√≥n. Gracias por apoyarnos. #176ni√±osbeneficiados #darien #panama",otros
"Quien es la Direcci√≥n que se encarga de los orfanatos en Panam√°??? Tengo el grupo de los chicos del sal√≥n de mi hijo, graduandos, y necesitamos organizar para la labor social!",otros
Ayer: Cia No. 1 realizo labor social en la Escuela Republica de Jamaica.,otros
Viendo f√∫tbol americano colegial. La banda de la U de Oregon toc√≥ Panam√° de Van Halen y son√≥ bien.,otros
"Este Viernes 18 estaremos con Jeff desde Panam√° y la banda sin pasado, recolectando √∫tiles escolares, a todos mis amigos cordialmente invitados apartir de las 7 pm en el auditorio de MCI Medell√≠n. Te esperamos ven y dona tu √∫til escolar y recibe un...",otros
"#Regresoaclases 2018. Centro Educativo Monse√±or Francisco Beckmann. Regi√≥n Escolar de Panam√° Norte. Da la bienvenida al a√±o escolar 2018. Con mucho respaldo de autoridades, la comunidad educativa y al ritmo de las notas interpretadas por la banda internacional Beckmannista.",otros
"¬øQu√© tal ""Panama"" de Van Halen, en versi√≥n banda escolar? #RoseBowl",otros
"RT @Ivan_Pirron: ¬øQu√© tal ""Panama"" de Van Halen, en versi√≥n banda escolar? #RoseBowl // mejor banda escolar que con banda duranguense no?",otros
"@ManuelCorredera ni que fuera concurso de Mr.Panam√° o algo as√≠, el debate no se gana, es la ventana para conocer las propuestas, solo eso",otros
"Como dijo Luis Materno Vazquez hijo en un @Debate_Abierto Dominical, ""Las revoluciones o cambios en pais se hacen en las calles con el concurso de la sangre no desde el Tuiter"".... #PANAMA_CONGOLANDIA #PANAMAMOTTA_SA",otros
"Retweeted Debate Abierto (@Debate_Abierto): #DebateAbierto ""Panam√° no se hizo solo, si no con el concurso de los... http://fb.me/75MsjoPsP",otros
"RT @Ivan_Pirron: ¬øQu√© tal ""Panama"" de Van Halen, en versi√≥n banda escolar? #RoseBowl // mejor banda escolar que con banda duranguense no?",otros
"La docente Eva Ramos, expuso sobre las oportunidades que tienen los alumnos en el sal√≥n de clases en la ense√±anza de ciencia en ingl√©s. https://t.co/4gWKnSq7Wr",infraestructura
"RT @frantrej05: @icardreyes @ExcelenciaPma @CastaliaPascual @tvnnoticias El futuro del pa√≠s se definen en las aulas, tenemos que impulsar e‚Ä¶",infraestructura
"Recorrido por laa nuevas instalaciones del CRU DARI√âN .Todas las aulas con Aires Acondicionados , luces led, sillas , tableros y escritorios. https://t.co/gOqbO8MZVk",infraestructura
¬øC√≥mo es un aula atractiva para la ense√±anza de matem√°ticas y ciencias? ?C√≥mo las escuelas y los sistemas educativos pueden ayudar a los profesores a mejorar el aprendizaje en matem√°ticas y ciencias? un reporte que nos ayuda en la b√∫squeda https://t.co/0yKTVJRq4S #Educaci√≥n https://t.co/eFYqIwqBcI,infraestructura
Biblioteca de CRUCOLON Dr. V√≠ctor Manuel P√©rez con nuevo sistema de aires acondicionados.@eflorescastro https://t.co/wQFqiDwF7U,infraestructura
Las nuevas aulas del CRU DARIEN suman 20 en total y est√°n terminadas antes del tiempo previsto se√±ala la Profesora Narcisa Ja√©n Secretaria Administrativa del Centro.@eflorescastro @MetroLibrePTY https://t.co/RLjOiJw1sn,infraestructura
Facultad de Comunicaci√≥n Social Adecua su Instalaci√≥n y Renueva Mobiliario https://t.co/uwQoc7huxK https://t.co/t260AmgsZW,infraestructura
‚ÄúEl mobiliario s√≠ importa en la escuela‚Äù https://t.co/lzBzt47WEs v√≠a @el_pais,infraestructura
Facultad de Comunicaci√≥n Social Adecua su Instalaci√≥n y Renueva Mobiliario https://t.co/uwQoc7huxK https://t.co/t260AmgsZW,infraestructura
"Recorrido por laa nuevas instalaciones del CRU DARI√âN .Todas las aulas con Aires Acondicionados , luces led, sillas , tableros y escritorios. https://t.co/gOqbO8MZVk",infraestructura
"Vice decana de las Facultad de Enfermer√≠a, Yolanda Gonz√°lez y la Secretaria Administrativa, Elina de Gorday recibe 20 escritorios de parte del di rector de Servicios Administrativo,, Rolando Gord√≥n. https://t.co/DH0iSLczpa",infraestructura
ADMINISTRACI√ìN CENTRAL DE LA UNIVERSIDAD DE PANAM√Å REEMPLAZA ESCRITORIOS https://t.co/mnakIUXgl4 https://t.co/fmLw2bbDN5,infraestructura
"Decano de la Facultad de Arquitectura, Ricardo Ortega en compa√±√≠a de la secretaria administrativa, Omaira Dom√≠nguez reciben del director de Servicios",infraestructura
Taller del programa Hagamos Ciencia de Senacyt y Meduca con materiales de la Caja de Herramientas El Puente Surge. http://t.co/p9Wr53DO9c,infraestructura
"D√≠a ideal para mejorar la calidad de los materiales. Las paredes No ense√±an, los profesores S√≠... @AcaAprendemos https://t.co/rl2u0U4Myy",infraestructura
"Personal de la Vicerrector√≠a de Extensi√≥n en los preparativos de los materiales que ser√°n utilizados para el Programa Escuela Internacional de Verano 2019, que inicia del lunes 4 al 22 de Febrero, en la Universidad de Panam√°. https://t.co/Ocb2PAVSu6",infraestructura
RT @educpraxis: Preparando materiales para el Taller ‚ÄúEl Lenguaje de las Matem√°ticas‚Äù que dictaremos en la Escuela San Pedro Nolasco https:‚Ä¶,infraestructura
Para aprender matem√°tica trabajamos con materiales y programas @AcaAprendemos https://t.co/Pup4J6WtHX,infraestructura
"RT @RusiaGonzalez: Excelentes ejemplos de materiales did√°cticos con la aplicaci√≥n de la realidad aumentada, comparte el Dr. Julio Barroso‚Ä¶",infraestructura
CENTRO REGIONAL UNIVERSITARIO DE DARI√âN PRONTO INAUGURAR√Å NUEVAS AULAS https://t.co/ndUDu1FhfT https://t.co/0xFNQoJ8Xi,infraestructura
Ya por @SERTVPANAMA la Revista Informativa Hacia La Luz desde el CRU Dari√©n.,infraestructura
Pronto la entrega la las nuevas aulas.@eflorescastro https://t.co/VgNQ4FUIyx,infraestructura
RT @maru_albarracin: Los espacios y el mobiliario promueven el aprendizaje personal y la colaboraci√≥n en @colemontse #SimposiumBcnEdu https‚Ä¶,infraestructura
"Entrega de 34 escritorios en la Facultad de Empresa y Contabilidad recibe su secretario administrativo, Teodoro Mena. https://t.co/VvfSf6hDp8",infraestructura
"Administrativos, Rolando Gord√≥n 20 escritorios. https://t.co/DwNT0ndnhk",infraestructura
RT @educalab: ¬øSe puede tambi√©n trabajar el #PensamientoComputacional sin ordenadores? Instrumentos y materiales del experimento.,infraestructura
RT @AcaAprendemos: Ya est√°n disponibles materiales did√°cticos 2016 p/ fortalecer aprendizajes Inicial Primaria y Secundaria https://t.co/2H‚Ä¶,infraestructura
"@FrankChollywood: El Papa tiene que regresar a Panam√°. Su presencia hace milagros: Huecos tapados, soluci√≥n del problema del agro, Metro listo,  los ladrones van presos, calles pintadas, se√±alizaciones,  escuelas listas, Metro Bus desde el aeropuerto a $0.25 y m√°s cosas buenas. #JMJ2019",infraestructura
"@si_yo27: Incre√≠ble que en Panam√° SIEMPRE sea el mismo cuento  de que sin maestro, sin profesor, sin colegio listos, ba√±os en las escuelas etc.
QUE VERG√úENZA DIOS M√çO! Que los pol√≠ticos de este pa√≠s Tan peque√±o,   tengan otras prioridades que no sea
 LA EDUCACI√ìN",infraestructura
@CarlosEnoticias: S√≠ todos los centros educativos listos para que acudan los estudiantes.,infraestructura
@CoolPanama: W Radio #Panama: MEDUCA intenta tener escuelas listas para inicio del pr√≥ximo a√±o escolar:  http://bit.ly/6cD6q9,infraestructura
"@aplanells: Se nota el esfuerzo que se ha hecho este a√±o para tener las escuelas listas, felicidades @Meduca_Panama",infraestructura
"Noticias que entristecen: En Changuinola (Panama), m√°s de 70 colegios no estar√°n listos para inicio de clases. No tienen agua, luz.....ni bancas. En el Pa√≠s de mejor grado de inversi√≥n y mayor crecimiento de AL. Que lo sepan peregrinos de la #JMJ",infraestructura
"Como todos los a√±os los colegios no estar√°n listos eso es seguro. Falta de profesores, centros en reparaci√≥n, falta de equipamiento ¬øporqu√© siempre ocurre lo mismo? ¬øcomo hay fuertes sumas de dinero para otras cosas? ¬øla educaci√≥n no es importante en Panam√°?",infraestructura
#Encuesta ¬øA alguien le asombra que muchos #colegios no est√°n listos para el inicio de clases? #Panama,infraestructura
Colegios de Panam√° centro se encuentran listos para darle la bienvenida a los estudiantes. #SertvDigital,infraestructura
Este es mi #Panam√° los colegios a√∫n NO est√°n listos pero el Carnaval no le falta nada....,infraestructura
"Directora Regional de Panam√° Centro, Petra Serracin, afirma que todos los colegios estar√°n listos para iniciar el a√±o lectivo 2019. V√≠a @keniaalonso08 #RPCRadio",infraestructura
"Todos los a√±os desde que tengo memoria los titulares al inicio del a√±o escolar son ""colegios no estan listos"" o ""se estan cayendo"" Usted jamas escucha al inicio de carnavales, tarimas y PH's en las Tablas no estan listos o se estan cayendo. #Panama",infraestructura
"Panam√°: MEDUCA hace esfuerzo para tener colegios listos: De Crespo #meduca http://bit.ly/VAKzzm  , RT",infraestructura
Inaudito que a estas alturas no hayan colegios listos para iniciar clases en Panam√°. ¬øPor qu√© no se les dio mantenimiento en las vacaciones?,infraestructura
#Nacionales A√±o lectivo 2016 se inicia con el 95% de los colegios p√∫blicos listos -> http://bit.ly/1oSmzHW,infraestructura
Alguien se pregunta el porque @Meduca_Panama nunk ha podido tener TODOS los colegios listos para el a√±o escolar en la historia de este pais? Aaaaa... jajajajaja,infraestructura
MAL DE NUNCA ACABAR!! Las Clases empiezan el Lunes y Todav√≠a hay colegios que no est√°n listos. Ajo pero en enero si arreglaron todo Rapidito!,infraestructura
#Panam√° - ¬øEst√°n los colegios listos para el regreso a clases?,infraestructura
Meduca: 98% de los colegios del pa√≠s est√°n listos para el inicio del a√±o escolar https://ensegundos.com.pa/2019/02/27/meduca-98-de-los-colegios-del-pais-estan-listos-para-el-inicio-del-ano-escolar/ ‚Ä¶,infraestructura
En un mes inician las clases y los padres de familia temen que los colegios no est√©n listos.@Meduca_Panama conf√≠a en que inversi√≥n d√© frutos,infraestructura
"#Nacionales: Colegios en Panam√° Norte, listos para iniciar el a√±o escolar. Los detalles en http://bit.ly/1QiJhEW",infraestructura
Puedo reconocer la buena disposici√≥n de @Meduca_Panama por tener los colegios listos para el inicio de clases. Aun quedan temas pendientes.,infraestructura
#Nacionales Varios colegios no estar√°n listos para el inicio de clases #Panam√° http://bit.ly/1PPwunX,infraestructura
"PANAM√Å IRREDENTA. El actual ministro de Educaci√≥n era Vice de Infraestructura. Pero el a√±o lectivo inicia con 36 centros educativos que no estar√°n listos. Y, ¬øqu√© ha hac√≠a este pelafust√°n?",infraestructura
"Como van las cosas en @Meduca_Panama pronostic√≥ que los centros educativos NO estar√°n listos para este inicio de clases 2018, ser√° hist√≥rico para Panam√°. ""Amanecer√° y veremos""",infraestructura
Durara mi pobreza lo q durar√° en salir el titular ¬´Nuevamente centros educativos no est√°n listos para inicio a√±o escolar¬ª. #Panama,infraestructura
#Noticias Meduca asegura que centros educativos est√°n listos http://bit.ly/1j6iM1r  #Panama,infraestructura
ya listos los diferentes centros educativos de Panam√° Oeste #RegresoaClases,infraestructura
"#NacionalCri El @Meduca_Panama rindi√≥ un informe de los centros educativos que estar√°n listos para el inicio del a√±o lectivo 2019., indic√≥ Ricardo Pinz√≥n, ministro de Educaci√≥n. Video: @jeandiaz1331",infraestructura
Tres centros educativos en Chiriqu√≠ no estar√°n listos para inicio de a√±o - Panam√° Am√©rica http://ift.tt/2meLBAr,infraestructura
"Buenos d√≠as @farmarrocha estamos listos en los Colegios de Panam√°, entregando el Cat√°logo de Playzone #activados",otros
"¬°¬°Nuestros representantes Genibert y Juan Carlos, de los Centros Educativos Juan Pablo II y Ang√©lica Mass√© Fe y Alegr√≠a, ya en Panam√° listos participar en la Jornada Mundial de la Juventud 2019 !!",otros
RT senafrontpanama: RT Meduca_Panama: Estamos listos para recibir a nuestros estudiantes en sus Centros Educativos‚Ä¶,otros
Listos para continuar con faena de mantenimiento en centros educativos del pa√≠s. #MiEscuelaEsPrimero @Meduca_Panama,otros
"Yo le recomiendo a los estudiantes que no tienen sus escuelas y colegios, listos , que se dirijan a clayton pasando la embajada USA hay una escuela y pregunten por, Alma Mater mentirita ALEMAN el les dara clases.",otros
"87 graduandos de colegios en Chiriqu√≠, finalizaron las capacitaciones del Programa Panam√° #ProJoven y est√°n listos para su pasant√≠a laboral.",otros
"Y que nuestros uniformes est√©n listos para lucirlos en los colegios, en el trabajo, en la calle. Apoyando a Panam√°",otros
RT @MorenoBID: En las aulas de una escuela de la √©lite de Silicon Valley no hay computadoras para los alumnos. Enfatizan el desarrollo de h‚Ä¶,tecnologia
"Facultad de Administraci√≥n de Empresas del CRU de Veraguas, recibe computadoras https://t.co/vcXwYLo1hf https://t.co/ixNko5iIsD",tecnologia
RT @DianaHincapieO: ¬øEst√°n preparadas las aulas para las nuevas tecnolog√≠as? https://t.co/ZouOpsuNRA,tecnologia
RT @EnteratePanama: Capacitaciones en el uso de TICS para los ganadores del Concurso Nacional por la Excelencia Educativa 2017 https://t.co‚Ä¶,tecnologia
#LAC est√° invirtiendo cada vez m√°s en equipamiento tecnol√≥gico y recursos digitales para cerrar la brecha de habilidades en el mercado laboral y la de aprendizajes entre estudiantes de altos y bajos ingresos. Te contamos ac√° #Educaci√≥n https://t.co/PaWnpDvZny https://t.co/PaCFQMUteV,tecnologia
En 5 a√±os podr√≠amos trasladarnos a la oficina en autom√≥viles sin conductor o tener robots como mentores en el aula. La tecnolog√≠a al servicio de los ciudadanos tiene un potencial beneficio social sin precedentes. Te explicamos en este blog #EquidadTotal https://t.co/jyxXbT9qQk https://t.co/FcJYNyaayr,tecnologia
Estamos participando en la presentaci√≥n de los resultados del estudio de inclusi√≥n de TIC en centros educativos con aulas de @TelefonicaPA @oeipanama @Meduca_Panama Ì†ΩÌ±èÌ†ΩÌ±èÌ†ΩÌ±è https://t.co/KwhfWPn6bt,tecnologia
"RT @oeipanama: As√≠ termina la semana de seminario de TICs, muchas gracias a todos los profesores participantes. @EspacioOEI @ExcelenciaPma‚Ä¶",tecnologia
Pizarra Vs computadoras: Los retos del uso de la tecnolog√≠a en la #educaci√≥n https://t.co/vovna4VSGG https://t.co/FSKhgZYhxI,tecnologia
RT @MorenoBID: En las aulas de una escuela de la √©lite de Silicon Valley no hay computadoras para los alumnos. Enfatizan el desarrollo de h‚Ä¶,tecnologia
"RT @utpciditic: Conversatorio sobre Transformaci√≥n digital: TICs en Panam√°, expositor Dr. Jayguer V√°squez @jayguer @biomuseo @utppanama @op‚Ä¶",tecnologia
RT @oeipanama: Seguimos con la capacitaci√≥n de TICs a profesores ganadores del 2o lugar. Esperamos est√©n teniendo una excelente jornada. @E‚Ä¶,tecnologia
"Gracias @Meduca_Panama por reconocer el esfuerzo y dedicaci√≥n de los finalista de #Oratoria2018 y sus profesores, otorgando tablets a cada uno de ellos. Esta valiosa herramienta tecnol√≥gica contribuir√° con su proceso de formaci√≥n acad√©mica y su √©xito profesional.",tecnologia
"#VoluntariosTelefonica son un apoyo importante a la hora de llevar el proyecto #AulaDigital a las escuelas en zonas vulnerables junto a Fundaci√≥n Telefonica Panam√°, adem√°s de apoyar en formaciones a docentes en la plataforma del proyecto #Educaci√≥nDigital",tecnologia
FALTA DE FLUIDO EL√âCTRICO PROVOCA SUSPENSI√ìN DE CLASES EN LA FACULTAD DE HUMANIDADES https://t.co/XjmBdT3sAr https://t.co/VNuoA42ba3,sistema educativo
RT @TReporta: CSJ ordena levantar la suspensi√≥n provisional de la bonificaci√≥n a los profesores en la UP https://t.co/zaaCZr99MB https://t.‚Ä¶,sistema educativo
"Visitamos #ElPe√±√≥n, en la comarca Ng√§be Bugl√©, fue d√≠a final de clases, de cierre de a√±o para evaluar logros y repasar pendientes. Una comunidad que se ha convertido en un centro de desarrollo modelo https://t.co/KbzWe8ac9J",sistema educativo
"RT @Debate_Abierto: ""Este logro inici√≥ con un proceso de divulgaci√≥n en nuestro centro educativo"". Carmen Gord√≥n https://t.co/8wljI6vat6",sistema educativo
Felicidades a todos los estudiantes que reciben hoy reconocimiento por sus logros acad√©micos #CalidadEducativaPma https://t.co/fozV73aOVf,sistema educativo
"RT @RoboCupJrPA: ""Estamos muy orgullosos de los logros alcanzados por la delegaci√≥n paname√±a en la Competencia #RoboCup 2017"", resalta el D‚Ä¶",sistema educativo
RT @iahalman: Felicidades estudiantes de la escuela modelo y Escuela de Excelencia Guillermo Endara Galimani por este logro @ExcelenciaPma‚Ä¶,sistema educativo
El d√≠a de hoy se llev√≥ a cabo el Taller ‚ÄúEstrategias para un a√±o Escolar Exitoso 2019‚Äù con @FundacionProEd,directores
Cont√≥ con la participaci√≥n de los,directores
Directores de los centros educativos inscritos en las ediciones del Concurso Nacional por la Excelencia Educativa. https://t.co/PJoGHezBmr,directores
"Directores que obtuvieron el 2do lugar y premio regional en el Concurso Nacional por la Excelencia Educativa 2018, culminaron satisfactoriamente capacitaci√≥n ""Academia Liderazgo para Directores"" con @FundacionProEd",directores
#HablemosDeEducacionPma https://t.co/PYQe1XoEdS,directores
RT @frantrej05: El viernes compart√≠ con m√°s de 100 directores de Panam√° Centro. Me gustaron mucho las palabras de la Directora del C.E. Rep‚Ä¶,directores
Nos visit√≥ en la Fundaci√≥n la Directora del C.E. Pablo Emilio Corsen - Segundo lugar del Concurso #CaminoALaExcelencia https://t.co/aDyixqo1AQ,directores
"RT @frantrej05: Da mucha esperanza escuchar al Director del Colegio F√©lix Olivares de Chiriqu√≠, centro ganador del 1re lugar del Concurso @‚Ä¶",directores
"RT @Debate_Abierto: ""El director de la escuela es el l√≠der, y la fundaci√≥n est√° dando capacitaciones para darle mejores herramientas. Es un‚Ä¶",directores
Gracias a Directores y Supervisores de Herrera por su tiempo y compromiso con nuestra educaci√≥n #CaminoALaExcelencia https://t.co/13i3QgpAkZ,directores
RT @MelyWongSagel: Felicitamos a este grupo de docentes y directores de colegios que aceptaron el reto de la #excelenciaeducativa con la @o‚Ä¶,directores
"RT @Debate_Abierto: ""Parte de los premios del concurso van enfocados a los directores porque es clave en la formaci√≥n. El cambio que necesi‚Ä¶",directores
RT @frantrej05: Este a√±o regresamos al Mundial de Educaci√≥n PISAÌ†ΩÌ±è. Tenemos que apoyar a las selecciones nacionales que est√°n en las escuela‚Ä¶,evaluacion
RT @frantrej05: Este a√±o Panam√° va por 1ra vez al ‚öΩÔ∏èMundial de f√∫tbol y regresamos al Ì†ΩÌ≥ñMundial de Educaci√≥n con la prueba PISA Ì†ΩÌ±è,evaluacion
"RT @Eirasantamaria: Regi√≥n Educativa de Chiriqu√≠, participa de la presentaci√≥n de Logros, Proyectos y Retos del SIMECE por parte de la Dir.‚Ä¶",evaluacion
RT @TReporta: El Viceministro del @Meduca_Panama Carlos Staff se√±al√≥ que Panam√° ya est√° preparada para la prueba PISA; un estudio que mide‚Ä¶,evaluacion
"Hoy, el lugar donde estudies determina la calidad de educaci√≥n que recibes #ActuemosUnidos para cambiar esta realidad, cada aporte cuenta",educacion
"En el seguimiento y la continuidad al sistema educativo, radica la importancia de logro en la #calidad educativa. #ExcelenciaEducativaPma https://t.co/Nwrs5hAGHD",educacion
"RT @TReporta: ""Ha Panam√° le importa mucho lograr una educaci√≥n de calidad"" Julio Escobar @ExcelenciaPma #TReporta",educacion
RT @FundacionProEd: Hoy estaremos participando en el Congreso Internacional de Educaci√≥n Integral- Retos del Milenio. Compartiremos nuestra‚Ä¶,educacion
"La habilidades blandas, aprender a tejer, escribir con tiza o practicar nuevas palabras jugando con pelotas son actividades que van m√°s all√° de una moda de Silicon Valley. Este tipo de educaci√≥n se convierte en una estrategia para innovar #Educaci√≥n https://t.co/i2EDtMd5Yv https://t.co/X7CXDIsxM1",educacion
RT @marianaprv: Lo bueno se comparte! √âxitos a @ExcelenciaPma y sus proyectos! La educaci√≥n integral es CLAVE y el trabajo con docentes mar‚Ä¶,educacion
"Aunque las habilidades cognitivas est√°n relacionadas con resultados en el mercado laboral, su importancia ha venido cayendo en las √∫ltimas 2 d√©cadas, mientras que los retornos a las habilidades blandas han ido aumentando #Educaci√≥n https://t.co/DiDaS29tgv https://t.co/olQKUqOZhl",educacion
RT @Garbochic: Que hermosura. La educaci√≥n integral es la soluci√≥n https://t.co/ZfAnykFR4J,educacion
RT @OrisSanjur: Interesante art√≠culo. No todo es tecnolog√≠a. Es necesario que nuestros chicos y chicas desarrollen habilidades blandas. Deb‚Ä¶,educacion
RT @Infoplazass: Queremos Felicitar a la Fundaci√≥n Excelencia Educativa por su labor en resaltar la calidad de educaci√≥n en las escuelas de‚Ä¶,educacion
RT @ManuelATronge: El Jueves se entregaron resultados Unesco sobre calidad de educaci√≥n en Latinoam√©rica. Nuestros candidatos no dijeron na‚Ä¶,educacion
M√°s de 2000 estudiantes participaron en #ExcelenciaEducativaPma. ¬°Gracias! por querer una #Educaci√≥n de calidad para #Panam√°.,educacion
RT @Telemetro: ¬° @RSEMedcom Impulsando la educaci√≥n de calidad como una prioridad nacional y apoyando el Concurso por #ExcelenciaEducativaP‚Ä¶,educacion
